<?xml version="1.0" encoding="UTF-8" ?>
<XMLDB PATH="admin/tool/dataprivacy/db" VERSION="20191217" COMMENT="XMLDB file for Moodle tool/dataprivacy"
    xmlns:xsi="http://www.w3.org/2001/XMLSchema-instance"
    xsi:noNamespaceSchemaLocation="../../../../lib/xmldb/xmldb.xsd"
>
  <TABLES>
    <TABLE NAME="tool_dataprivacy_request" COMMENT="Table for data requests">
      <FIELDS>
        <FIELD NAME="id" TYPE="int" LENGTH="10" NOTNULL="true" SEQUENCE="true"/>
        <FIELD NAME="type" TYPE="int" LENGTH="10" NOTNULL="true" DEFAULT="0" SEQUENCE="false" COMMENT="Data request type"/>
        <FIELD NAME="comments" TYPE="text" NOTNULL="false" SEQUENCE="false" COMMENT="More details about the request"/>
        <FIELD NAME="commentsformat" TYPE="int" LENGTH="2" NOTNULL="true" DEFAULT="0" SEQUENCE="false"/>
        <FIELD NAME="userid" TYPE="int" LENGTH="10" NOTNULL="true" DEFAULT="0" SEQUENCE="false" COMMENT="The user ID the request is being made for"/>
        <FIELD NAME="requestedby" TYPE="int" LENGTH="10" NOTNULL="true" DEFAULT="0" SEQUENCE="false" COMMENT="The user ID of the one making the request"/>
        <FIELD NAME="status" TYPE="int" LENGTH="2" NOTNULL="true" DEFAULT="0" SEQUENCE="false" COMMENT="The current status of the data request"/>
        <FIELD NAME="dpo" TYPE="int" LENGTH="10" NOTNULL="false" DEFAULT="0" SEQUENCE="false" COMMENT="The user ID of the Data Protection Officer who is reviewing th request"/>
        <FIELD NAME="dpocomment" TYPE="text" NOTNULL="false" SEQUENCE="false" COMMENT="DPO's comments (e.g. reason for rejecting the request, etc.)"/>
        <FIELD NAME="dpocommentformat" TYPE="int" LENGTH="2" NOTNULL="true" DEFAULT="0" SEQUENCE="false"/>
        <FIELD NAME="systemapproved" TYPE="int" LENGTH="4" NOTNULL="true" DEFAULT="0" SEQUENCE="false"/>
        <FIELD NAME="usermodified" TYPE="int" LENGTH="10" NOTNULL="true" DEFAULT="0" SEQUENCE="false" COMMENT="The user who created/modified this request object"/>
        <FIELD NAME="timecreated" TYPE="int" LENGTH="10" NOTNULL="true" DEFAULT="0" SEQUENCE="false" COMMENT="The time this data request was created"/>
        <FIELD NAME="timemodified" TYPE="int" LENGTH="10" NOTNULL="true" DEFAULT="0" SEQUENCE="false" COMMENT="The last time this data request was updated"/>
        <FIELD NAME="creationmethod" TYPE="int" LENGTH="10" NOTNULL="true" DEFAULT="0" SEQUENCE="false" COMMENT="The type of the creation method of the data request"/>
      </FIELDS>
      <KEYS>
        <KEY NAME="primary" TYPE="primary" FIELDS="id"/>
        <KEY NAME="userid" TYPE="foreign" FIELDS="userid" REFTABLE="user" REFFIELDS="id"/>
        <KEY NAME="requestedby" TYPE="foreign" FIELDS="requestedby" REFTABLE="user" REFFIELDS="id"/>
        <KEY NAME="dpo" TYPE="foreign" FIELDS="dpo" REFTABLE="user" REFFIELDS="id"/>
        <KEY NAME="usermodified" TYPE="foreign" FIELDS="usermodified" REFTABLE="user" REFFIELDS="id"/>
      </KEYS>
    </TABLE>
    <TABLE NAME="tool_dataprivacy_purpose" COMMENT="Data purposes">
      <FIELDS>
        <FIELD NAME="id" TYPE="int" LENGTH="10" NOTNULL="true" SEQUENCE="true"/>
        <FIELD NAME="name" TYPE="char" LENGTH="100" NOTNULL="true" SEQUENCE="false"/>
        <FIELD NAME="description" TYPE="text" NOTNULL="false" SEQUENCE="false"/>
        <FIELD NAME="descriptionformat" TYPE="int" LENGTH="1" NOTNULL="false" SEQUENCE="false"/>
        <FIELD NAME="lawfulbases" TYPE="text" NOTNULL="true" SEQUENCE="false" COMMENT="Comma-separated IDs matching records in tool_dataprivacy_lawfulbasis"/>
        <FIELD NAME="sensitivedatareasons" TYPE="text" NOTNULL="false" SEQUENCE="false" COMMENT="Comma-separated IDs matching records in tool_dataprivacy_sensitive"/>
        <FIELD NAME="retentionperiod" TYPE="char" LENGTH="255" NOTNULL="true" SEQUENCE="false"/>
        <FIELD NAME="protected" TYPE="int" LENGTH="1" NOTNULL="false" SEQUENCE="false"/>
        <FIELD NAME="usermodified" TYPE="int" LENGTH="10" NOTNULL="true" SEQUENCE="false"/>
        <FIELD NAME="timecreated" TYPE="int" LENGTH="10" NOTNULL="true" SEQUENCE="false"/>
        <FIELD NAME="timemodified" TYPE="int" LENGTH="10" NOTNULL="true" SEQUENCE="false"/>
      </FIELDS>
      <KEYS>
        <KEY NAME="primary" TYPE="primary" FIELDS="id"/>
      </KEYS>
    </TABLE>
    <TABLE NAME="tool_dataprivacy_category" COMMENT="Data categories">
      <FIELDS>
        <FIELD NAME="id" TYPE="int" LENGTH="10" NOTNULL="true" SEQUENCE="true"/>
        <FIELD NAME="name" TYPE="char" LENGTH="100" NOTNULL="true" SEQUENCE="false"/>
        <FIELD NAME="description" TYPE="text" NOTNULL="false" SEQUENCE="false"/>
        <FIELD NAME="descriptionformat" TYPE="int" LENGTH="1" NOTNULL="false" SEQUENCE="false"/>
        <FIELD NAME="usermodified" TYPE="int" LENGTH="10" NOTNULL="true" SEQUENCE="false"/>
        <FIELD NAME="timecreated" TYPE="int" LENGTH="10" NOTNULL="true" SEQUENCE="false"/>
        <FIELD NAME="timemodified" TYPE="int" LENGTH="10" NOTNULL="true" SEQUENCE="false"/>
      </FIELDS>
      <KEYS>
        <KEY NAME="primary" TYPE="primary" FIELDS="id"/>
      </KEYS>
    </TABLE>
    <TABLE NAME="tool_dataprivacy_ctxinstance" COMMENT="Default comment for the table, please edit me">
      <FIELDS>
        <FIELD NAME="id" TYPE="int" LENGTH="10" NOTNULL="true" SEQUENCE="true"/>
        <FIELD NAME="contextid" TYPE="int" LENGTH="10" NOTNULL="true" SEQUENCE="false"/>
        <FIELD NAME="purposeid" TYPE="int" LENGTH="10" NOTNULL="false" SEQUENCE="false"/>
        <FIELD NAME="categoryid" TYPE="int" LENGTH="10" NOTNULL="false" SEQUENCE="false"/>
        <FIELD NAME="usermodified" TYPE="int" LENGTH="10" NOTNULL="true" SEQUENCE="false"/>
        <FIELD NAME="timecreated" TYPE="int" LENGTH="10" NOTNULL="true" SEQUENCE="false"/>
        <FIELD NAME="timemodified" TYPE="int" LENGTH="10" NOTNULL="true" SEQUENCE="false"/>
      </FIELDS>
      <KEYS>
        <KEY NAME="primary" TYPE="primary" FIELDS="id"/>
        <KEY NAME="contextid" TYPE="foreign-unique" FIELDS="contextid" REFTABLE="context" REFFIELDS="id"/>
        <KEY NAME="purposeid" TYPE="foreign" FIELDS="purposeid" REFTABLE="tool_dataprivacy_purpose" REFFIELDS="id"/>
        <KEY NAME="categoryid" TYPE="foreign" FIELDS="categoryid" REFTABLE="tool_dataprivacy_category" REFFIELDS="id"/>
      </KEYS>
    </TABLE>
    <TABLE NAME="tool_dataprivacy_ctxlevel" COMMENT="Default comment for the table, please edit me">
      <FIELDS>
        <FIELD NAME="id" TYPE="int" LENGTH="10" NOTNULL="true" SEQUENCE="true"/>
        <FIELD NAME="contextlevel" TYPE="int" LENGTH="3" NOTNULL="true" SEQUENCE="false"/>
        <FIELD NAME="purposeid" TYPE="int" LENGTH="10" NOTNULL="false" SEQUENCE="false"/>
        <FIELD NAME="categoryid" TYPE="int" LENGTH="10" NOTNULL="false" SEQUENCE="false"/>
        <FIELD NAME="usermodified" TYPE="int" LENGTH="10" NOTNULL="true" SEQUENCE="false"/>
        <FIELD NAME="timecreated" TYPE="int" LENGTH="10" NOTNULL="true" SEQUENCE="false"/>
        <FIELD NAME="timemodified" TYPE="int" LENGTH="10" NOTNULL="true" SEQUENCE="false"/>
      </FIELDS>
      <KEYS>
        <KEY NAME="primary" TYPE="primary" FIELDS="id"/>
        <KEY NAME="contextlevel" TYPE="unique" FIELDS="contextlevel"/>
        <KEY NAME="categoryid" TYPE="foreign" FIELDS="categoryid" REFTABLE="tool_dataprivacy_category" REFFIELDS="id"/>
        <KEY NAME="purposeid" TYPE="foreign" FIELDS="purposeid" REFTABLE="tool_dataprivacy_purpose" REFFIELDS="id"/>
      </KEYS>
    </TABLE>
    <TABLE NAME="tool_dataprivacy_ctxexpired" COMMENT="Default comment for the table, please edit me">
      <FIELDS>
        <FIELD NAME="id" TYPE="int" LENGTH="10" NOTNULL="true" SEQUENCE="true"/>
        <FIELD NAME="contextid" TYPE="int" LENGTH="10" NOTNULL="true" SEQUENCE="false"/>
        <FIELD NAME="unexpiredroles" TYPE="text" NOTNULL="false" SEQUENCE="false" COMMENT="Roles which have explicitly not expired yet."/>
        <FIELD NAME="expiredroles" TYPE="text" NOTNULL="false" SEQUENCE="false" COMMENT="Explicitly expires roles"/>
        <FIELD NAME="defaultexpired" TYPE="int" LENGTH="1" NOTNULL="true" SEQUENCE="false" COMMENT="The default retention period has passed."/>
        <FIELD NAME="status" TYPE="int" LENGTH="2" NOTNULL="true" DEFAULT="0" SEQUENCE="false"/>
        <FIELD NAME="usermodified" TYPE="int" LENGTH="10" NOTNULL="true" SEQUENCE="false"/>
        <FIELD NAME="timecreated" TYPE="int" LENGTH="10" NOTNULL="true" SEQUENCE="false"/>
        <FIELD NAME="timemodified" TYPE="int" LENGTH="10" NOTNULL="true" SEQUENCE="false"/>
      </FIELDS>
      <KEYS>
        <KEY NAME="primary" TYPE="primary" FIELDS="id"/>
        <KEY NAME="contextid" TYPE="foreign-unique" FIELDS="contextid" REFTABLE="context" REFFIELDS="id"/>
      </KEYS>
    </TABLE>
    <TABLE NAME="tool_dataprivacy_purposerole" COMMENT="Data purpose overrides for a specific role">
      <FIELDS>
        <FIELD NAME="id" TYPE="int" LENGTH="10" NOTNULL="true" SEQUENCE="true"/>
        <FIELD NAME="purposeid" TYPE="int" LENGTH="10" NOTNULL="true" SEQUENCE="false"/>
        <FIELD NAME="roleid" TYPE="int" LENGTH="10" NOTNULL="true" SEQUENCE="false"/>
        <FIELD NAME="lawfulbases" TYPE="text" NOTNULL="false" SEQUENCE="false"/>
        <FIELD NAME="sensitivedatareasons" TYPE="text" NOTNULL="false" SEQUENCE="false"/>
        <FIELD NAME="retentionperiod" TYPE="char" LENGTH="255" NOTNULL="true" SEQUENCE="false"/>
        <FIELD NAME="protected" TYPE="int" LENGTH="1" NOTNULL="false" SEQUENCE="false"/>
        <FIELD NAME="usermodified" TYPE="int" LENGTH="10" NOTNULL="true" SEQUENCE="false"/>
        <FIELD NAME="timecreated" TYPE="int" LENGTH="10" NOTNULL="true" SEQUENCE="false"/>
        <FIELD NAME="timemodified" TYPE="int" LENGTH="10" NOTNULL="true" SEQUENCE="false"/>
      </FIELDS>
      <KEYS>
        <KEY NAME="primary" TYPE="primary" FIELDS="id"/>
        <KEY NAME="purposepurposeid" TYPE="foreign" FIELDS="purposeid" REFTABLE="tool_dataprivacy_purpose" REFFIELDS="id"/>
        <KEY NAME="puproseroleid" TYPE="foreign" FIELDS="roleid" REFTABLE="role" REFFIELDS="id"/>
      </KEYS>
      <INDEXES>
        <INDEX NAME="purposerole" UNIQUE="true" FIELDS="purposeid, roleid"/>
      </INDEXES>
    </TABLE>
  </TABLES>
</XMLDB>